_id,No,自治体名,名称,郵便番号,所在地,電話番号,緯度,経度
1,1,豊橋市,飯村公園,,豊橋市飯村南四丁目5-1,,34.741341,137.425339
2,1,豊橋市,小鷹野公園,,豊橋市西小鷹野二丁目7-1,,34.771275,137.424408
3,1,豊橋市,桜ケ丘公園,,豊橋市東田町字北蓮田19他,,34.763733,137.406601
4,1,豊橋市,三本松公園,,豊橋市東森岡二丁目2-1,,34.786491,137.432205
5,1,豊橋市,高師本郷公園,,豊橋市高師本郷町字東上27-2他,,34.719139,137.396103
6,1,豊橋市,多米公園,,豊橋市多米中町一丁目6-1,,34.759296,137.442596
7,1,豊橋市,坪ノ谷公園,,豊橋市富士見台四丁目16-1,,34.67714969,137.3696995
8,1,豊橋市,中山田池公園,,豊橋市北山町95-13他,,34.736317,137.400269
9,1,豊橋市,半ノ木公園,,豊橋市忠興三丁目9-1,,34.783417,137.431808
10,1,豊橋市,牟呂大海津公園,,豊橋市牟呂大西町2-11,,34.756317,137.358612
11,1,豊橋市,竜ケ池公園,,豊橋市山田三番町42,,34.741256,137.398202
12,1,豊橋市,牛川遊歩公園,,豊橋市西小鷹野四丁目1-1､南牛川二丁目4-1,,34.775578,137.425247
13,1,豊橋市,高師緑地,,豊橋市高師町字北原29-1他,,34.741856,137.41217
14,1,豊橋市,豊橋公園,,豊橋市今橋町3-1他,,34.769997,137.397202
15,1,豊橋市,豊橋総合動植物公園,,豊橋市大岩町字大穴1-238,,34.71888,137.437241
16,1,豊橋市,幸公園,,豊橋市佐藤町字池下49､3-1､字江島､高師町字北原1-108､東幸町,,34.738881,137.40938
17,1,豊橋市,向山緑地,,豊橋市向山大池町､向山東町､向山町字池下45-2他,,34.757212,137.404541
18,1,豊橋市,岩田運動公園,,豊橋市岩田町1-2他,,34.7581013,137.4245186
19,1,豊橋市,豊橋総合ｽﾎﾟｰﾂ公園,,豊橋市神野新田町字ﾒﾉ割1-3他,,34.75798,137.323807
20,1,豊橋市,明海公園,,豊橋市明海町3-42他,,34.710247,137.333572
21,1,豊橋市,赤岩山緑地,,豊橋市多米町字赤岩山1-3,,34.762307,137.451458
22,1,豊橋市,岩屋緑地,,豊橋市大岩町字火打坂19他,,34.72963,137.428787
23,1,豊橋市,下地緑地,,豊橋市下地町字城向15-1他,,34.778336,137.382675
24,1,豊橋市,高塚緑地,,豊橋市伊古部町字枇杷ヶ谷57-12,,34.659348,137.390173
25,1,豊橋市,高山緑地,,豊橋市飯村北五丁目14-1､飯村南三丁目25-1他,,34.745441,137.430145
26,1,豊橋市,岩崎広場,,豊橋市岩崎町字長尾75-4他,,34.749706,137.446701
27,1,豊橋市,野依台上藤ケ谷公園,,豊橋市野依台二丁目7-1他,,34.693893,137.3703
28,1,豊橋市,少年自然の家,4413211,豊橋市伊古部町字下り25-41,0532-21-2301,34.667175,137.384293
29,1,豊橋市,野外教育センター,4413211,豊橋市伊古部町字枇杷ヶ谷57-12,0532-21-2133,34.659348,137.390173
30,3,蒲郡市,中央公園,4430006,蒲郡市蒲郡町貴船､水竹町木船外,0533-66-1141,34.83742,137.22891
31,3,蒲郡市,若宮公園,4430021,蒲郡市三谷町若宮264番1,0533-66-1141,34.80702,137.2532
32,3,蒲郡市,北浜公園,4430104,蒲郡市形原町北浜37､38番,0533-66-1141,34.80625,137.19397
33,3,蒲郡市,星越公園,4430021,蒲郡市三谷町東一丁目､星越､塚前､青野,0533-66-1141,34.8158,137.26091
34,3,蒲郡市,双太山公園,4430104,蒲郡市形原町北双太山89番,0533-66-1141,34.80461,137.17778
35,3,蒲郡市,春日浦公園,4430104,蒲郡市形原町春日浦4番1､4番2,0533-66-1141,34.80279,137.19157
36,3,蒲郡市,水竹公園,4430005,蒲郡市水竹町横枕,0533-66-1141,34.83675,137.23545
37,3,蒲郡市,大坪公園,4430045,蒲郡市旭町316番,0533-66-1141,34.8255,137.21794
38,3,蒲郡市,旭公園,4430045,蒲郡市旭町468番,0533-66-1141,34.82631,137.22052
39,3,蒲郡市,御幸公園,4430042,蒲郡市御幸町1901番,0533-66-1141,34.83044,137.22179
40,3,蒲郡市,中ノ坊公園,4430057,蒲郡市中央本町2201番,0533-66-1141,34.83073,137.22463
41,3,蒲郡市,神倉公園,4430044,蒲郡市宝町397番,0533-66-1141,34.82659,137.22359
42,3,蒲郡市,須田公園,4430022,蒲郡市三谷北通四丁目149番,0533-66-1141,34.82034,137.24168
43,3,蒲郡市,向山公園,4430022,蒲郡市三谷北通三丁目246番,0533-66-1141,34.82263,137.24553
44,3,蒲郡市,矢田公園,4430022,蒲郡市三谷北通一丁目139番,0533-66-1141,34.81981,137.25105
45,3,蒲郡市,弥生公園,4430021,蒲郡市三谷町弥生二丁目36番,0533-66-1141,34.81386,137.25317
46,3,蒲郡市,天伯公園,4430021,蒲郡市三谷町東二丁目42番,0533-66-1141,34.81659,137.25368
47,3,蒲郡市,寺戸公園,4430021,蒲郡市三谷町東三丁目42番外,0533-66-1141,34.81495,137.256
48,3,蒲郡市,丸戸公園,4430021,蒲郡市三谷町東五丁目222番,0533-66-1141,34.81146,137.25632
49,3,蒲郡市,御馬公園,4430054,蒲郡市府相町一丁目130番,0533-66-1141,34.82133,137.23761
50,3,蒲郡市,府相公園,4430054,蒲郡市府相町二丁目241番,0533-66-1141,34.8246,137.23588
51,3,蒲郡市,榎田公園,4430055,蒲郡市八百富町一丁目121番,0533-66-1141,34.8218,137.23334
52,3,蒲郡市,前田公園,4430038,蒲郡市拾石町前田31番,0533-66-1141,34.81815,137.19872
53,3,蒲郡市,東浜公園,4430038,蒲郡市拾石町塩浜73番,0533-66-1141,34.82236,137.20187
54,3,蒲郡市,薮田公園,4430048,蒲郡市緑町709番,0533-66-1141,34.83219,137.21909
55,3,蒲郡市,蒲形公園,4430042,蒲郡市御幸町3295番,0533-66-1141,34.82852,137.22004
56,3,蒲郡市,半ノ木公園,4430022,蒲郡市三谷北通五丁目9番,0533-66-1141,34.82483,137.24252
57,3,蒲郡市,西田川公園,4430022,蒲郡市三谷北通六丁目189番,0533-66-1141,34.82305,137.2396
58,3,蒲郡市,八百富公園,4430055,蒲郡市八百富町二丁目17番,0533-66-1141,34.82549,137.23246
59,3,蒲郡市,本町公園,4430059,蒲郡市本町東179番,0533-66-1141,34.82684,137.23076
60,3,蒲郡市,新井公園,4430052,蒲郡市新井町南110番,0533-66-1141,34.82939,137.23331
61,3,蒲郡市,五反田公園,4430051,蒲郡市新井形町南79番,0533-66-1141,34.82853,137.23693
62,3,蒲郡市,港町西公園,4430034,蒲郡市港町,0533-66-1141,34.82172,137.22392
63,3,蒲郡市,港町東公園,4430034,蒲郡市港町,0533-66-1141,34.82029,137.22869
64,3,蒲郡市,新井形公園,4430051,蒲郡市新井形町殿海道,0533-66-1141,34.83226,137.2366
65,3,蒲郡市,東双太山公園,4430104,蒲郡市形原町東双太山92番,0533-66-1141,34.80504,137.18158
66,3,蒲郡市,とよおか湖公園,4430011,蒲郡市豊岡町曲り田110番262ほか,0533-66-1124,34.83088,137.26323
67,4,新城市,大洞山公園,4411352,新城市豊栄字大洞山1番地66,,34.8980504,137.4715577
68,4,新城市,スハ山公園,4411352,新城市豊栄字ｽﾊ山248番地22,,34.8962037,137.4739832
69,4,新城市,城北東部公園,4411371,新城市城北二丁目7番地1,,34.9061614,137.495537
70,4,新城市,有海緑地公園,4411317,新城市有海字鳥影1番地2他,,34.9223379,137.546576
71,4,新城市,緑が丘第１公園,4411316,新城市緑が丘一丁目100番地1他,,34.9265418,137.5459237
72,4,新城市,大宮公園,4411304,新城市大宮字南貝津3番地21,,34.9193059,137.522948
73,4,新城市,市場台北公園,4411348,新城市市場台一丁目10番地9,,34.8867883,137.4695843
74,4,新城市,市場台南公園,4411348,新城市市場台二丁目6番地1他,,34.8849024,137.470026
75,4,新城市,田町川南公園,4411372,新城市字裏野154番地,,34.9033286,137.4982785
76,4,新城市,柴先公園,4411341,新城市杉山字柴先7番地5,,34.9019394,137.4906153
77,4,新城市,田町川北公園,4411371,新城市城北一丁目9番地2,,34.9058117,137.4991617
78,5,田原市,新浜公園,4413413,田原市六連町新浜地内,,34.646426,137.31738
79,5,田原市,田原東部運動公園,4413413,田原市六連町神ﾉ釜7-19外,,34.656071,137.296421
80,5,田原市,やぐま台１号公園,4413411,田原市やぐま台12-1,,34.673295,137.309308
81,5,田原市,やぐま台２号公園,4413411,田原市やぐま台27-7,,34.671693,137.306964
82,5,田原市,田原市交通公園,4413412,田原市谷熊町鍛冶屋前1-1,,34.666115,137.298629
83,5,田原市,緑が浜公園,4413401,田原市緑が浜4-1-1外,,34.69785,137.290567
84,5,田原市,緑が浜２号緑地,4413401,田原市緑が浜2号87､88,,34.708535,137.270681
85,5,田原市,姫見台公園,4413405,田原市姫見台70,,34.706635,137.275217
86,5,田原市,片西１号公園,4413409,田原市片西二丁目83,,34.694144,137.26011
87,5,田原市,白谷海浜公園,4413431,田原市白谷町白磯1外,,34.685872,137.232824
88,5,田原市,西浦公園,4413403,田原市浦町丸山1-19外,,34.702788,137.27227
89,5,田原市,蔵王山展望台,4413403,田原市浦町蔵王1-46,0531-22-0426,34.687981,137.266258
90,5,田原市,蔵王山権現の森,4413421,田原市田原町蔵王地内,,34.679445,137.261165
91,5,田原市,蔵王東ヶ丘４号公園,4413421,田原市田原町大沢3-288,,34.680802,137.269563
92,5,田原市,蔵王南ヶ丘公園,4413421,田原市田原町大沢3-312,,34.680802,137.269563
93,5,田原市,吉胡台なかよし公園,4413408,田原市吉胡台一丁目123,,34.684832,137.277646
94,5,田原市,吉胡貝塚史跡公園,4413402,田原市吉胡町矢崎42-4,,34.682024,137.279865
95,5,田原市,木綿台公園,4413402,田原市吉胡町木綿台169,,34.682007,137.276713
96,5,田原市,つばき公園,4413421,田原市田原町東山口17-1外,,34.676594,137.262528
97,5,田原市,中央公園,4413417,田原市豊島町西新田1,,34.672608,137.280185
98,5,田原市,はなのき広場,4413421,田原市田原町汐見5,,34.671717,137.274366
99,5,田原市,汐見公園,4413421,田原市田原町汐見2,,34.670819,137.273378
100,5,田原市,大手公園,4413421,田原市田原町殿町46-1,,34.671144,137.268356
101,5,田原市,池ノ原公園,4413421,田原市田原町中小路15-1外,,34.673366,137.2652
102,5,田原市,築出公園,4413421,田原市田原町築出37-10,,34.67183,137.271758
103,5,田原市,晩田公園,4413421,田原市田原町晩田97,,34.676005,137.27243
104,5,田原市,晩田第２公園,4413421,田原市田原町晩田48-1,,34.674702,137.271883
105,5,田原市,滝頭総合公園,4413421,田原市田原町滝頭10-1外,,34.666849,137.241799
106,5,田原市,東滝頭公園,4413421,田原市田原町東滝頭1-107,,34.669886,137.247068
107,5,田原市,新清谷公園,4413421,田原市田原町新清谷30,,34.668944,137.261517
108,5,田原市,赤石１号公園,4413422,田原市赤石一丁目43,,34.666284,137.265409
109,5,田原市,赤石２号公園,4413422,田原市赤石四丁目60,,34.663248,137.267442
110,5,田原市,赤石３号公園,4413416,田原市東赤石四丁目56,,34.662503,137.270764
111,5,田原市,赤石４号公園,4413416,田原市東赤石二丁目75,,34.662945,137.272653
112,5,田原市,赤石５号公園,4413416,田原市東赤石五丁目22,,34.661992,137.27395
113,5,田原市,神戸運動公園,4413415,田原市神戸町前畑48,,34.652943,137.274606
114,5,田原市,神戸大池水辺公園,4413415,田原市神戸町大池6-2外,,34.652229,137.279772
115,5,田原市,神戸第一公園,4413415,田原市神戸町新大坪110,,34.6663,137.277544
116,5,田原市,神戸第二公園,4413415,田原市神戸町東大坪61,,34.666256,137.278672
117,5,田原市,新大坪緑地,4413415,田原市神戸町新大坪127,,34.6663,137.277544
118,5,田原市,大草団地公園,4413425,田原市大草町糠塚29-42,,34.63901,137.242717
119,5,田原市,ほると台１号公園,4413434,田原市ほると台2-93外,,34.662768,137.209704
120,5,田原市,ほると台２号公園,4413434,田原市ほると台2-100,,34.662768,137.209704
121,5,田原市,ほると台３号公園,4413434,田原市ほると台1-65外,,34.662651,137.207896
122,5,田原市,馬草多目的広場,4413432,田原市野田町坂下59-1,,34.667175,137.197278
123,5,田原市,光崎西部公園,4413407,田原市光崎二丁目1,,34.71124,137.278714
124,5,田原市,光崎中央公園,4413407,田原市光崎一丁目4,,34.710729,137.279681
125,5,田原市,光崎東部公園,4413407,田原市光崎三丁目12,,34.71121,137.281183
126,5,田原市,高松東部農村広場,4413501,田原市高松町京塚36,,34.624088,137.242892
127,5,田原市,高松地区農村広場,4413501,田原市高松町宮方辺2-1,,34.622086,137.234501
128,5,田原市,赤羽根文化広場,4413501,田原市高松町尾村崎443,,34.625216,137.221185
129,5,田原市,赤東運動広場,4413502,田原市赤羽根町石添74-1,,34.616958,137.20897
130,5,田原市,赤羽根ロコステーション,4413502,田原市赤羽根町西地内,,34.612513,137.198466
131,5,田原市,池尻運動広場,4413505,田原市池尻町宮脇35-1,,34.606997,137.179148
132,5,田原市,若見農村広場,4413503,田原市若見町帯刀沢56,,34.602339,137.167513
133,5,田原市,越戸運動広場,4413504,田原市越戸町宮下760,,34.595375,137.15089
134,5,田原市,渥美運動公園,4413626,田原市小塩津町後山1,,34.603136,137.089663
135,5,田原市,渥美の森,4413626,田原市小塩津町後山30-1外,,34.604647,137.095704
136,5,田原市,亀山農村広場,4413625,田原市亀山町川地70,,34.61079,137.069832
137,5,田原市,西ノ浜海浜の森,4413619,田原市西山町岬1-18,,34.607132,137.052233
138,5,田原市,初立池公園,4413627,田原市堀切町和名山2-98,,34.589503,137.064492
139,5,田原市,夕陽が浜東公園,4413607,田原市夕陽が浜29,,34.643866,137.140658
140,5,田原市,夕陽が浜西公園,4413607,田原市夕陽が浜156,,34.643866,137.140658
141,5,田原市,表浜ほうべの森（谷ノ口公園）,4413424,田原市南神戸町南中島1,0531-24-8901,34.635751,137.28602
142,5,田原市,伊良湖クリスタルポルト,4413624,田原市伊良湖町宮下3000-65,0531-35-6631,34.5833,137.02035
143,5,田原市,田原めっくんはうす,4413416,田原市東赤石5丁目74,0531-23-2525,34.6116,137.27155
144,6,設楽町,ふれあい広場,4412301,設楽町田口字後口4番地4,0536-62-1043,35.100429,137.577305
145,6,設楽町,つぐグリーンプラザ,4412601,設楽町津具字下川原6番地1,0536-83-2291,35.165559,137.621883
146,6,設楽町,津具スポーツ広場,4412601,設楽町津具字中大名地18番地6,0536-83-2301,,
147,6,設楽町,名倉体育館,4412432,設楽町東納庫字ｦﾄｼ山3番地2,0536-65-0001,35.155052,137.536085
148,6,設楽町,田口山村トレーニングセンター,4412301,設楽町田口字矢高5番地7,0536-62-1784,35.098052,137.573238
149,6,設楽町,つぐ高原グリーンパーク,4412601,設楽町津具字東山2-156,0536-83-2344,35.2003259,137.6050244
150,7,東栄町,コミュニティ公園,4490206,東栄町大字下田字平井73,,35.078981,137.719785
151,7,東栄町,浄水公園,4490206,東栄町大字下田字南山39-1,,35.073142,137.717891
152,7,東栄町,とうえい温泉,4490206,東栄町大字下田字花田21,0536-77-0268,35.074445,137.708025
153,7,東栄町,グリーンハウス,4490214,東栄町大字本郷字大森1,0536-76-1266,35.068248,137.704439
154,7,東栄町,B&G海洋センター体育館,4490214,東栄町大字本郷字大森1,0536-76-1266,35.068248,137.704439
155,7,東栄町,B&G海洋センタープール,4490214,東栄町大字本郷字大森1,0536-76-1266,35.068248,137.704439
156,7,東栄町,東栄ドーム,4490214,東栄町大字本郷字大森1,0536-76-1266,35.068248,137.704439
157,7,東栄町,東栄町交流促進センター「千代姫荘」,4490211,東栄町大字中設楽字西向13-3,0536-76-0489,35.083465,137.680596
158,8,豊根村,花の木弓道場,4490405,豊根村坂宇場字御所平70-198,0536-87-2025,35.221768,137.661066
159,8,豊根村,豊根村弓道場,4490403,豊根村下黒川字蕨平2番地,0536-85-1611,35.146174,137.719969
160,8,豊根村,富山運動場,4314121,豊根村富山字湯野島28-6,0536-85-1611,35.183422,137.799255
161,8,豊根村,新井グラウンド,4490401,豊根村三沢字新井6,0536-87-1431,,
162,8,豊根村,三沢体育館,4490401,豊根村三沢字久保貝津,0536-85-1611,,
163,8,豊根村,森遊館,4314121,豊根村富山字湯野島28-6,0536-89-5004,35.183422,137.799255
164,8,豊根村,村民体育館,4490404,豊根村上黒川字,0536-85-1311,,
165,8,豊根村,村民プール,4490404,豊根村上黒川字兎鹿嶋12-2,0536-85-1611,35.144895,137.702756
166,8,豊根村,富山多目的広場,4314121,豊根村富山字正森12番地1外,0536-85-1611,,
167,8,豊根村,兎鹿嶋温泉湯～らんどパルとよね,4490404,豊根村上黒川字長野田20,0536-85-1180,35.143554,137.698229
168,8,豊根村,湯の島温泉,4314121,豊根村富山字兎鹿ﾉ平12-3,0536-89-2007,35.183402,137.799716
169,8,豊根村,グリーンステージ花の木,4490405,豊根村坂宇場字御所平70-198,0536-87-2203,35.221768,137.661066
170,8,豊根村,大入の郷,4490403,豊根村下黒川字桧皮野19-3,0536-85-1033,35.139605,137.7208
171,8,豊根村,川宇連マス釣り場,4490405,豊根村坂宇場字御所平,0536-85-1204,,
172,8,豊根村,茶臼山高原,4490405,豊根村坂宇場字御所平70-185,0536-87-2345,35.220654,137.656119
173,9,浜松市,県立バードピア浜北,4340002,浜松市浜北区尾野2597-7,053-583-0443,34.849232,137.78012
174,9,浜松市,浜松球場,4338122,浜松市中区上島六丁目19-1,053-473-3281,34.743463,137.734093
175,9,浜松市,四ツ池公園 陸上競技場,4338122,浜松市中区上島六丁目19-2,053-474-9709,34.744045,137.734501
176,9,浜松市,浜松市武道館,4328045,浜松市中区西浅田二丁目3-1,053-456-0314,34.695976,137.725242
177,9,浜松市,北部水泳場,4338118,浜松市中区高丘西四丁目7-1,053-438-0220,34.76134,137.692852
178,9,浜松市,浜松オートレース場,4338125,浜松市中区和合町936-19,053-471-0311,34.738015,137.703645
179,9,浜松市,花川運動公園,4338116,浜松市中区西丘町724,053-437-0605,34.773177,137.689933
180,9,浜松市,高丘公園,4338117,浜松市中区高丘東一丁目4,053-420-0849,34.754324,137.709052
181,9,浜松市,小豆餅庭球場,4338113,浜松市中区小豆餅三丁目7,053-473-1829,34.751371,137.728826
182,9,浜松市,和地山公園,4328003,浜松市中区和地山三丁目10,053-473-2517,34.728783,137.717764
183,9,浜松市,船越公園,4300913,浜松市中区船越町49,053-465-0623,34.719154,137.748982
184,9,浜松市,泉運動広場,4338124,浜松市中区泉4丁目29,053-473-1829,34.747404,137.713505
185,9,浜松市,高丘緑地,4338117,浜松市中区高丘東一丁目4,053-420-0849,34.754078,137.707078
186,9,浜松市,馬込川上島緑地,4338122,浜松市中区上島七丁目20,053-473-1829,34.748294,137.742269
187,9,浜松市,浜松アリーナ,4350016,浜松市東区和田町808-1,053-461-1111,34.718016,137.766559
188,9,浜松市,安間川公園,4350005,浜松市東区安新町181-2,053-421-4295,34.730767,137.786343
189,9,浜松市,天竜川緑地,,浜松市南区鶴見町2490-1地先他,053-473-1829,34.72807,137.80057
190,9,浜松市,ゆたか緑地,4313101,浜松市東区豊町6480-1,053-435-4158,34.775257,137.813175
191,9,浜松市,初生グラウンド,4313125,浜松市東区半田山三丁目51,053-473-1829,34.772815,137.736604
192,9,浜松市,半田山グラウンド,4313125,浜松市東区半田山三丁目1084-13,053-424-0164,34.771335,137.736926
193,9,浜松市,有玉緑地,4313123,浜松市東区有玉西町804-1,053-473-1829,34.757779,137.734866
194,9,浜松市,豊西緑地,4313101,浜松市東区豊町3244地先,053-473-1829,34.768241,137.813186
195,9,浜松市,ゆたか第2緑地,4313101,浜松市東区豊町6480-1地先,053-435-4158,34.774896,137.814721
196,9,浜松市,雄踏総合体育館,4310102,浜松市西区雄踏町宇布見9981-1,053-597-3500,34.702529,137.617374
197,9,浜松市,舞童夢（舞阪総合体育館）,4310211,浜松市西区舞阪町舞阪2623-32,053-597-2800,34.67939,137.61275
198,9,浜松市,馬郡運動広場,4310203,浜松市西区馬郡町3785-1,053-597-3500,34.6907,137.628414
199,9,浜松市,渚園,4310214,浜松市西区舞阪町弁天島5005-1,053-592-1525,34.69797,137.606721
200,9,浜松市,雄踏総合公園,4310102,浜松市西区雄踏町宇布見9984-1,053-596-1894,34.702379,137.615207
201,9,浜松市,雄踏グラウンド,4310102,浜松市西区雄踏町宇布見9611-2,053-597-3500,34.693497,137.630496
202,9,浜松市,舞阪乙女園グランド,4310124,浜松市西区舞阪町弁天島3071,053-597-2800,34.694908,137.595852
203,9,浜松市,古橋廣之進記念浜松市総合水泳場 ToBiO,4310201,浜松市西区篠原町23982番地の1,053-489-5463,34.675306,137.670686
204,9,浜松市,西岸中央公園,4328068,浜松市西区大平台三丁目37,053-473-1829,34.71261,137.67517
205,9,浜松市,江之島水泳場,4300844,浜松市南区江之島町1197,,34.660534,137.753663
206,9,浜松市,東部地区体育館,4350028,浜松市南区飯田町558,053-462-1092,34.703852,137.775474
207,9,浜松市,新橋体育センター,4328058,浜松市南区新橋町1-2,053-442-2461,34.683246,137.716788
208,9,浜松市,大塚グラウンド,4350024,浜松市南区大塚町地内安間川河川敷,053-449-1155,34.698904,137.783703
209,9,浜松市,飯田公園,4350024,浜松市南区大塚町1876-1,053-473-1829,34.700349,137.78401
210,9,浜松市,遠州灘海浜公園（球技場）,4300846,浜松市南区白羽町2834-1,053-441-6889,34.663588,137.734158
211,9,浜松市,遠州灘海浜公園（自由広場）,4300845,浜松市南区中田島町1674,053-441-3766,34.66429,137.74462
212,9,浜松市,瓜内スポーツ広場,4328062,浜松市中区瓜内町1825,,34.685381,137.731733
213,9,浜松市,江之島アーチェリー場,4300898,浜松市南区江之島町1197,,34.660817,137.753792
214,9,浜松市,三ヶ日B＆G海洋センター,4311402,浜松市北区三ヶ日町都筑3116-24,053-526-2323,34.785769,137.573611
215,9,浜松市,三ヶ日弓道場,4311495,浜松市北区三ヶ日町三ヶ日121-16,053-524-1512,34.811879,137.552438
216,9,浜松市,細江総合グラウンド,4311304,浜松市北区細江町中川2736,053-522-1722,34.809527,137.674661
217,9,浜松市,細江総合体育センター,4311304,浜松市北区細江町中川2736,053-522-1722,34.80887,137.674881
218,9,浜松市,引佐総合体育館,4312214,浜松市北区引佐町横尾500,053-542-1000,34.835856,137.662296
219,9,浜松市,引佐総合公園（すぽるてん）,4312212,浜松市北区引佐町井伊谷3858-1,053-528-2481,34.837085,137.681152
220,9,浜松市,国民宿舎奥浜名湖,4311305,浜松市北区細江町気賀1023-1,053-522-1115,34.812807,137.650344
221,9,浜松市,三ヶ日運動場,4311404,浜松市北区三ヶ日町宇志1320-5,053-524-1512,34.800272,137.557239
222,9,浜松市,浜北総合体育館（サーラグリーンアリーナ）,4340041,浜松市浜北区平口5042-133,053-585-1222,34.798113,137.758233
223,9,浜松市,浜北温水プール（サーラグリーンアクア）,4340041,浜松市浜北区平口5042-125,053-584-3023,34.798728,137.757126
224,9,浜松市,サンライフ浜北,4340024,浜松市浜北区竜南27,053-586-1881,34.784853,137.814431
225,9,浜松市,浜北武道館,4340024,浜松市浜北区竜南26,053-586-0211,34.784818,137.814753
226,9,浜松市,高薗ゲートボール場,4340024,浜松市浜北区竜南,,34.784888,137.814109
227,9,浜松市,明神池運動公園,4340004,浜松市浜北区宮口391-5,053-582-3099,34.832757,137.764381
228,9,浜松市,美薗中央公園,4340033,浜松市浜北区西美薗733,053-586-7900,34.800078,137.791396
229,9,浜松市,天竜川運動公園,,浜松市浜北区中瀬･永島地先,,34.806765,137.819323
230,9,浜松市,天竜川大平運動公園,4340012,浜松市浜北区中瀬地内,,34.83627,137.820932
231,9,浜松市,御馬ヶ池緑地,4340015,浜松市浜北区於呂3732-1,,34.843059,137.802393
232,9,浜松市,中瀬南部緑地／中瀬南部緑地会館,4340012,浜松市浜北区中瀬4485,053-588-6151,34.814268,137.819358
233,9,浜松市,あらたまの湯,4340006,浜松市浜北区四大地9-921,053-582-1126,34.842003,137.766484
234,9,浜松市,梔池緑地,4340004,浜松市浜北区宮口4666-1,,34.813292,137.760164
235,9,浜松市,浜北平口サッカー場（サーラグリーンフィールド）,4340041,浜松市浜北区平口3071番地の1,053-585-1456,34.798052,137.759778
236,9,浜松市,天竜B&G海洋センター,4313311,浜松市天竜区二俣町阿蔵330-2,053-922-0201,34.858071,137.824709
237,9,浜松市,天竜ボート場,4313314,浜松市天竜区月969-1(月艇庫),,34.916389,137.807715
238,9,浜松市,天竜体育館,4313314,浜松市天竜区二俣町二俣501,053-925-8061,34.871998,137.815107
239,9,浜松市,天竜庭球場,4313303,浜松市天竜区山東2311-1,053-925-8061,34.87911,137.829355
240,9,浜松市,天竜球場,4313306,浜松市天竜区船明2660,053-925-8061,34.888403,137.813476
241,9,浜松市,天竜武道館,4313314,浜松市天竜区二俣町二俣557-1,053-925-8061,34.872226,137.813766
242,9,浜松市,水窪総合体育館,4314102,浜松市天竜区水窪町地頭方241-3,053-982-0012,35.154872,137.868783
243,9,浜松市,船明ダム運動公園,4313306,浜松市天竜区船明2649,053-925-8061,34.889723,137.814323
244,9,浜松市,春野ふれあい公園,4370626,浜松市天竜区春野町領家145-1,053-985-0579,34.957889,137.887676
245,9,浜松市,天竜相津マリーナ,4313754,浜松市天竜区相津85-2,053-923-0544,34.912892,137.814903
246,9,浜松市,青少年の家,4300906,浜松市中区住吉四丁目23-1,053-471-4725,34.731949,137.731572
247,9,浜松市,四ツ池公園,4338122,浜松市中区上島六丁目19-1,053-473-1829,34.743111,137.735778
248,9,浜松市,フラワーパーク,4311209,浜松市西区舘山寺町195,053-487-0511,34.763174,137.633296
249,9,浜松市,浜松市動物園,4311209,浜松市西区舘山寺町199,053-487-1122,34.765051,137.630592
250,9,浜松市,緑化推進センター みどり～な,4350024,浜松市南区大塚町1876-1,053-426-2300,34.700349,137.78401
251,9,浜松市,かわな野外活動センター,4312202,浜松市北区引佐町川名455-5,053-544-0219,34.879453,137.698441
252,9,浜松市,滝沢キャンプ場,4312101,浜松市北区滝沢町1208-1,053-523-1114,34.849311,137.731304
253,9,浜松市,フルーツパーク時之栖,4312102,浜松市北区都田町4263-1,053-428-5211,34.84026,137.732989
254,9,浜松市,都田総合公園,4312103,浜松市北区新都田一丁目3,053-428-4860,34.820453,137.728117
255,9,浜松市,浜北万葉の森公園,4340041,浜松市浜北区平口5051-1,053-586-8700,34.80144,137.760556
256,9,浜松市,天竜川中瀬緑地,4340012,浜松市浜北区中瀬地先,053-473-1829,34.82764,137.822413
257,9,浜松市,鳥羽山公園,4313314,浜松市天竜区二俣町二俣2364,053-473-1829,34.858247,137.805923
258,9,浜松市,藤ノ瀬ホタル公園,4370605,浜松市天竜区春野町気田964,053-473-1829,35.005762,137.910926
259,9,浜松市,高根城址,4314102,浜松市天竜区水窪町地頭方160-1,,35.145354,137.867732
260,9,浜松市,佐久間ふれあい運動公園,4313906,浜松市天竜区佐久間町浦川3544,053-473-1829,35.055891,137.77143
261,9,浜松市,天竜川鹿島上島緑地,,浜松市浜北区上島地先他,053-473-1829,34.8519,137.813036
262,9,浜松市,浜松城公園,4300946,浜松市中区元城町100-2,053-457-0088,34.71329,137.724384
263,9,浜松市,佐鳴湖公園,,浜松市西区入野町･中区富塚町･中区佐鳴台五丁目･中区佐鳴台六丁目,053-476-0210,34.715389,137.687756
264,9,浜松市,三島楊子公園,4300855,浜松市南区楊子町549-1,053-473-1829,34.692051,137.742484
265,9,浜松市,染地台野鳥公園,4340046,浜松市浜北区染地台1丁目32,053-473-1829,34.786766,137.744919
266,9,浜松市,相生公園,4300805,浜松市中区相生町23,053-463-1450,34.707094,137.748604
267,9,浜松市,沖洗運動場,4328062,浜松市南区若林町16-9,,34.686766,137.6993
268,9,浜松市,天竜自然体験センター湖畔の家,4313763,浜松市天竜区月963-1,053-923-0319,34.916992,137.8069
269,9,浜松市,弁天島海浜公園,4310214,浜松市西区舞阪町弁天島3775-2,053-592-0757,34.688945,137.602748
270,9,浜松市,浜北体育館,4340033,浜松市浜北区西美薗29,053-585-1173,34.793761,137.7902
271,9,浜松市,可美公園総合センター,4328062,浜松市南区増楽町920-1,053-449-1155,34.68707,137.694571
272,9,浜松市,The GATE HAMAMATSU,4300927,浜松市中区旭町37,053-401-0223,34.705341,137.733281
273,9,浜松市,遠州灘海浜公園江之島ビーチコート,4300844,浜松市南区江之島町1197,053-425-6000,34.660908,137.753377
274,10,磐田市,只来下公園,4380086,磐田市見付(加茂川通り)5981,0538-37-4806,34.722235,137.8536521
275,10,磐田市,西貝塚公園,4380026,磐田市西貝塚3775-3,0538-37-4806,34.732269,137.878738
276,10,磐田市,丸山公園,4380084,磐田市城之崎一丁目9,0538-37-4806,34.716488,137.867203
277,10,磐田市,旭ヶ丘公園,4380077,磐田市国府台56,0538-37-4806,34.7218949,137.8489214
278,10,磐田市,国府台西公園,4380077,磐田市国府台114,0538-37-4806,34.7179216,137.842982
279,10,磐田市,泉公園,4380077,磐田市国府台83,0538-37-4806,34.7212707,137.8447923
280,10,磐田市,富士見公園,4380083,磐田市富士見町1-20,0538-37-4806,34.729772,137.867992
281,10,磐田市,経塚公園,4380083,磐田市富士見町1-2,0538-37-4806,34.7318857,137.8703381
282,10,磐田市,上野公園,4380077,磐田市国府台19,0538-37-4806,34.7171695,137.8469902
283,10,磐田市,久保公園,4380078,磐田市久保町1272,0538-37-4806,34.7153145,137.848228
284,10,磐田市,城之崎公園,4380084,磐田市城之崎四丁目6,0538-37-4806,34.719868,137.863907
285,10,磐田市,南御厨東公園,4380039,磐田市東新町三丁目161-285,0538-37-4806,34.7034409,137.8894164
286,10,磐田市,南御厨西公園,4380039,磐田市東新町二丁目161-2,0538-37-4806,34.7026394,137.8866589
287,10,磐田市,一番町公園,4380086,磐田市見付(一番町)2912-1,0538-37-4806,34.72468805,137.8546643
288,10,磐田市,見付本通広場公園,4380086,磐田市見付(馬場町)2577,0538-37-4806,34.7270595,137.8570837
289,10,磐田市,京見塚公園,4380077,磐田市国府台653-1,0538-37-4806,34.7236935,137.839486
290,10,磐田市,葦間公園,4380071,磐田市今之浦二丁目2,0538-37-4806,34.718193,137.86145
291,10,磐田市,めがねばし公園,4380071,磐田市今之浦一丁目1-11､12,0538-37-4806,34.714409,137.866104
292,10,磐田市,的場公園,4380083,磐田市富士見町三丁目4-2,0538-37-4806,34.735607,137.868759
293,10,磐田市,北川瀬公園,4380073,磐田市二之宮東8,0538-37-4806,34.712911,137.85806
294,10,磐田市,一ノ谷公園,4380085,磐田市水堀243,0538-37-4806,34.734008,137.851604
295,10,磐田市,水堀東公園,4380085,磐田市水堀326,0538-37-4806,34.734008,137.851604
296,10,磐田市,向荒子公園,4380088,磐田市富士見台16-2,0538-37-4806,34.728564,137.870391
297,10,磐田市,西山第１公園,4380017,磐田市安久路一丁目4-2,0538-37-4806,34.719753,137.868591
298,10,磐田市,富士見北公園,4380083,磐田市富士見町四丁目4,0538-37-4806,34.7362631,137.865544
299,10,磐田市,御殿遺跡公園,4380078,磐田市中泉2270-17,0538-37-4806,34.708302,137.852005
300,10,磐田市,おおぞら公園,4380004,磐田市匂坂中210-1,0538-37-4806,34.762552,137.831253
301,10,磐田市,中泉グリーンパーク,4380078,磐田市中泉二丁目9-3,0538-37-4806,34.7119489,137.8549436
302,10,磐田市,さわやか広場,4380074,磐田市二之宮浅間5-1,0538-37-4806,34.713473,137.8571219
303,10,磐田市,中原公園,4380019,磐田市明ヶ島原4,0538-37-4806,34.730081,137.882591
304,10,磐田市,谷口公園,4380019,磐田市明ヶ島原33-1,0538-37-4806,34.730081,137.882591
305,10,磐田市,福田第1公園,4371204,磐田市福田中島1728,0538-37-4806,34.677614,137.87007
306,10,磐田市,福田ふるさと公園,4371203,磐田市福田503,0538-37-4806,34.6840802,137.8789923
307,10,磐田市,竜洋すみれ遊園地,4380234,磐田市掛塚1204-1,,34.671726,137.796722
308,10,磐田市,竜洋川袋公園,4380232,磐田市川袋1450,0538-37-4806,34.676476,137.803452
309,10,磐田市,竜洋中島公園,4380201,磐田市竜洋中島1120-38,0538-37-4806,34.707836,137.806656
310,10,磐田市,豊田高見丘公園,4380807,磐田市富里737,0538-37-4806,34.7557836,137.8412902
311,10,磐田市,豊田東原梅ノ木公園,4380802,磐田市東原147-3,0538-37-4806,34.7403016,137.845407
312,10,磐田市,豊田中野戸農村公園,4380808,磐田市豊田607,0538-37-4806,34.7414318,137.8239938
313,10,磐田市,豊田池田上新田公園,4380805,磐田市池田44-2,0538-37-4806,34.7412604,137.8175432
314,10,磐田市,豊田熊野記念公園,4380805,磐田市池田189-2,0538-37-4806,34.737713,137.815552
315,10,磐田市,アミューズ豊田ポケットパーク,4380831,磐田市上新屋311,0538-36-3211,34.732166,137.824417
316,10,磐田市,豊田原新田公園,4380803,磐田市富丘971-3,0538-37-4806,34.7353629,137.8469399
317,10,磐田市,豊田森下公園,4380834,磐田市森下700-10,0538-37-4806,34.724834,137.81897
318,10,磐田市,豊田森下水神公園,4380834,磐田市森下1006-1,0538-37-4806,34.721172,137.820923
319,10,磐田市,豊田森本農村公園,4380825,磐田市森本1036,0538-37-4806,34.7414318,137.8239938
320,10,磐田市,豊田本郷公園,4380822,磐田市上本郷1018-1,0538-37-4806,34.710793,137.818085
321,10,磐田市,豊田赤池高見公園,4380824,磐田市赤池462,0538-37-4806,34.7103595,137.8133394
322,10,磐田市,豊田海老塚農村公園,4380812,磐田市海老塚597,0538-37-4806,34.709087,137.838972
323,10,磐田市,豊田高見丘北公園,4380801,磐田市高見丘1346,0538-37-4806,34.745358,137.841237
324,10,磐田市,磐田ららシティ公園,4380801,磐田市高見丘1344,0538-37-4806,34.745358,137.841237
325,10,磐田市,塔之壇公園,4380086,磐田市見付(二番町)2426-1,0538-37-4806,34.7280242,137.856341
326,10,磐田市,今之浦公園,4380071,磐田市今之浦3-6,0538-37-4806,34.719444,137.858521
327,10,磐田市,水堀公園,4380085,磐田市水堀3,0538-37-4806,34.734008,137.851604
328,10,磐田市,二子塚公園,4380018,磐田市三ｹ野台33,0538-37-4806,34.733003,137.882158
329,10,磐田市,竜洋豊岡公園,4380231,磐田市豊岡2878,0538-37-4806,34.690353,137.803279
330,10,磐田市,竜洋十束公園,4380207,磐田市宮本233-1,0538-37-4806,34.701851,137.81044
331,10,磐田市,竜洋袖浦公園,4380216,磐田市飛平松125,0538-37-4806,34.665806,137.826947
332,10,磐田市,竜洋スポーツ公園,4380221,磐田市南平松8,0538-66-0300,34.657852,137.82254
333,10,磐田市,豊田富里農村公園,4380807,磐田市富里436-1,0538-37-4806,34.7505894,137.8285869
334,10,磐田市,豊田加茂公園,4380804,磐田市加茂5-1,0538-37-4806,34.7412979,137.8313316
335,10,磐田市,豊田池田の渡し公園,4380805,磐田市池田298-3地先,0538-37-4806,34.737507,137.813065
336,10,磐田市,豊田天竜川わんぱく広場,4380825,磐田市森本1890地先,0538-37-4806,34.721294,137.809677
337,10,磐田市,豊田香りの公園,4380821,磐田市立野2017-3,0538-36-8891,34.715481,137.820602
338,10,磐田市,豊田ラブリバー公園,4380814,磐田市気子島155-1,0538-36-3211,34.709922,137.825196
339,10,磐田市,中央公園,4380086,磐田市見付5912-1,0538-37-4806,34.7316259,137.8648788
340,10,磐田市,安久路公園,4380017,磐田市安久路二丁目10-4,0538-38-4150,34.720886,137.87233
341,10,磐田市,兎山公園,4380038,磐田市鎌田2262,0538-32-4236,34.71822,137.888046
342,10,磐田市,竜洋西堀河川敷公園,4380231,磐田市豊岡978-1地先,0538-36-3211,34.6926944,137.8005
343,10,磐田市,かぶと塚公園,4380086,磐田市見付4075-1,0538-32-4236,34.7263202,137.8474207
344,10,磐田市,福田公園,4371204,磐田市福田中島3756-1,0538-58-3131,34.680805,137.875168
345,10,磐田市,竜洋海洋公園,4380233,磐田市駒場6866-5,0538-66-5580,34.651698,137.799035
346,10,磐田市,東大久保運動公園,4380086,磐田市見付809-2,0538-32-4236,34.726329,137.855071
347,10,磐田市,城山球場,4380086,磐田市権現町190,0538-32-4236,,
348,10,磐田市,磐田スポーツ交流の里ゆめりあ,4380002,磐田市大久保892-36,0538-38-4150,34.755673,137.857834
349,10,磐田市,つつじ公園,4380086,磐田市見付(住吉町)1010-2,0538-37-4806,34.726329,137.855071
350,10,磐田市,竜洋昆虫自然観察公園,4380214,磐田市大中瀬320,0538-66-9900,34.668903,137.839705
351,10,磐田市,いわたエコパーク,4380233,磐田市駒場6866-3,0538-66-5580,34.65224,137.803668
352,10,磐田市,遠江国分寺史跡公園,4380078,磐田市中泉(中央町)3365,0538-37-4806,,
353,10,磐田市,権現緑地,4380086,磐田市見付(権現町)432-1,,34.726329,137.855071
354,10,磐田市,県営磐田団地第１緑地,4380039,磐田市東新町一丁目9-4,,34.704761,137.88516
355,10,磐田市,県営磐田団地第２緑地,4380039,磐田市東新町一丁目1-1,,34.705011,137.884746
356,10,磐田市,二之宮東第１緑地,4380073,磐田市二之宮東68,,,
357,10,磐田市,二之宮東第２緑地,4380073,磐田市二之宮東67,,,
358,10,磐田市,豊田加茂ポケットパーク,4380804,磐田市加茂1249-1,,34.737002,137.831284
359,10,磐田市,豊田上新屋ポケットパーク,4380831,磐田市上新屋774,,,
360,10,磐田市,豊田森下ポケットパーク,4380834,磐田市森下513,,,
361,10,磐田市,豊田第１緑地,4380834,磐田市森下1015-1,,34.722229,137.822949
362,10,磐田市,豊田立野ポケットパーク,4380821,磐田市立野2012-1,,34.716941,137.820174
363,10,磐田市,磐田ららシティ東ポケットパーク,4380801,磐田市高見丘1345外,0538-37-4806,,
364,10,磐田市,磐田ららシティ西ポケットパーク,4380801,磐田市高見丘1333,0538-37-4806,,
365,10,磐田市,竜洋西堀緑地公園,4380202,磐田市高木1550-1地先,,34.697132,137.80426
366,10,磐田市,竜洋南部緑地公園,4380221,磐田市南平松6-1,,34.656334,137.828293
367,10,磐田市,クリーンセンター公園,4380061,磐田市刑部島/駐車場住所:磐田市新島270,0538-35-3717,,
368,11,掛川市,大東北運動場,4371434,掛川市下土方407,0537-74-4430,34.71045,138.047332
369,11,掛川市,大東総合運動場,4371413,掛川市国安3300-1,0537-72-5392,34.651051,138.059155
370,11,掛川市,大須賀運動場,4371304,掛川市西大渕6220-1,0537-48-5628,34.687424,137.990807
371,11,掛川市,掛川海洋センター体育館・艇庫,4360043,掛川市大池2192,0537-24-6384,34.785365,138.002957
372,11,掛川市,いこいの広場,4360112,掛川市細谷1686,0537-26-0303,34.788946,137.96759
373,11,掛川市,掛川下垂木多目的広場「ゆうゆうパーク」,4360222,掛川市下垂木2243-1,0537-22-5553,34.780923,137.981226
374,11,掛川市,大東ビーチスポーツ公園,4371412,掛川市千浜8572‐3,0537-72-1132,34.647278,138.067973
375,11,掛川市,安養寺運動公園,4360082,掛川市淡陽116,0537-23-6644,34.790964,138.041329
376,11,掛川市,総合体育館「さんりーな」,4360043,掛川市大池2250,0537-22-5553,34.78551,138.001493
377,11,掛川市,掛川市南体育館「し～すぽ」,4371302,掛川市大渕14234-1,0537-28-8710,34.673347,138.028171
378,11,掛川市,ならここの湯,4360332,掛川市居尻179番地,0537-20-3030,34.875627,138.016344
379,11,掛川市,ならここの里キャンプ場,4360332,掛川市居尻179番地,0537-25-2055,34.875627,138.016344
380,11,掛川市,明ヶ島キャンプ場,4360337,掛川市炭焼33番地の2,0537-25-2507,34.901699,138.011424
381,11,掛川市,22世紀の丘公園「たまりーな」,4360011,掛川市満水1652番地,0537-24-2722,,
382,11,掛川市,森林果樹公園,4360025,掛川市下俣1番地の90,0537-23-8102,34.753065,138.000479
383,12,袋井市,愛野公園,4370032,袋井市豊沢1727,0538-44-3165,34.745457,137.944233
384,12,袋井市,原野谷川親水公園  ,4370031,袋井市愛野3164-1,0538-44-3165,34.746764,137.941155
385,12,袋井市,田原緑地,4370043,袋井市新池932,0538-44-3165,,
386,12,袋井市,めだか公園,4370125,袋井市上山梨1669-1,0538-44-3165,34.79054,137.905653
387,12,袋井市,虹のささやき公園,4370056,袋井市小山1736-1,0538-44-3165,34.751025,137.89284
388,12,袋井市,かわせみ公園,4370051,袋井市深見1425,0538-44-3165,,
389,12,袋井市,広岡河川公園,4370021,袋井市広岡1793-1,0538-44-3165,34.750768,137.941103
390,12,袋井市,月見の里公園,4370125,袋井市上山梨4-3-3,0538-44-3165,34.787143,137.90205
391,12,袋井市,あけぼのふれあい公園,4370031,袋井市愛野1131-1,0538-44-3165,34.744869,137.932562
392,12,袋井市,豊沢の丘公園,4370032,袋井市豊沢1055-1,0538-44-3165,34.736611,137.942961
393,12,袋井市,上貫名せせらぎ公園,4370021,袋井市広岡3860,0538-44-3165,,
394,12,袋井市,風見の森公園,4371312,袋井市岡崎6635-4,0538-44-3165,34.712223,137.943253
395,12,袋井市,宇刈里山公園,4370121,袋井市宇刈3193,0538-44-3165,34.795631,137.92897
396,12,袋井市,みつかわ夢の丘公園,4370006,袋井市大谷1149-131,0538-44-3165,,
397,12,袋井市,小笠山総合運動公園,4370031,袋井市愛野2300-1,0538-41-1800,,
398,13,湖西市,アメニティプラザ,4310441,湖西市吉美3294-48,053-573-0777,34.714,137.503906
399,13,湖西市,新居体育館・弓道場,4310303,湖西市新居町浜名522-1,053-594-3911,34.687871,137.561386
400,13,湖西市,勤労者体育センター,4310442,湖西市古見1067-3,053-576-4540,34.71954,137.531742
401,13,湖西市,湖西運動公園,4310441,湖西市吉美830-1,053-576-4795,34.718136,137.513616
402,13,湖西市,みなと運動公園,4310302,湖西市新居町新居3146,053-594-3456,34.688244,137.578681
403,13,湖西市,今切体験の里 海湖館,4310300,湖西市新居町新居無番地,053-594-6624,34.681817,137.58963
404,14,御前崎市,浜岡総合運動場,4371612,御前崎市池新田444,0537-85-2201,34.654555,138.125012
405,14,御前崎市,御前崎運動場,4371622,御前崎市白羽7174,,34.609541,138.188539
406,14,御前崎市,B&G海洋センター,4371621,御前崎市御前崎43-30,,34.598472,138.220946
407,14,御前崎市,市民プール（ぷるる）,4371603,御前崎市宮内1581-1,0537-63-3133,34.650861,138.141663
408,14,御前崎市,観光物産会館,4371623,御前崎市港6099-1,0548-63-2001,34.605314,138.22486
409,14,御前崎市,観光情報館,4371621,御前崎市御前崎1565-2,,34.595888,138.22704
410,14,御前崎市,八千代公園,4371612,御前崎市池新田5623,,34.6366617,138.1274316
411,14,御前崎市,高松緑の森公園,4371615,御前崎市門屋2070-747,,34.6528558,138.0987625
412,14,御前崎市,桜ヶ池公園,4371604,御前崎市佐倉5103-1,,34.64085902,138.1448217
413,14,御前崎市,あらさわふる里公園,4371605,御前崎市下朝比奈158-7,0537-85-8230,34.6786044,138.1428352
414,14,御前崎市,新野水のめぐみ公園,4371611,御前崎市新野4302番地1,,34.68320873,138.1315622
415,14,御前崎市,比木自然公園,4371602,御前崎市比木2776-2,,34.6569534,138.1680644
416,14,御前崎市,遊歩道　福田沢,4371602,御前崎市比木421-1,,34.6546054,138.1665391
417,14,御前崎市,おさ川ふれあい公園,4371603,御前崎市宮内100,,34.6368531,138.1643576
418,14,御前崎市,神子公園,4371612,御前崎市池新田72-1,,34.65387554,138.1317204
419,14,御前崎市,長者公園,4371612,御前崎市池新田2342-25,,34.64228677,138.1249586
420,14,御前崎市,白砂公園,4371612,御前崎市池新田9186-2,,34.63002986,138.1212679
421,14,御前崎市,マリンパーク御前崎（オートキャンプ場有）,4371623,御前崎市港6104-6,,34.6065333,138.2257909
422,14,御前崎市,ケープパーク （みさきの広場）,4371621,御前崎市御前崎1569-2,,34.60855,138.209627
423,14,御前崎市,ケープパーク （灯台前トイレ）,4371621,御前崎市御前崎1569-2,,34.60855,138.209627
424,14,御前崎市,ケープパーク（ねずみ塚広場）,4371621,御前崎市御前崎45-53,,34.597587,138.221821
425,14,御前崎市,ケープパーク（見尾火燈明堂）,4371621,御前崎市御前崎1569-7,,34.60855,138.209627
426,14,御前崎市,おまえざき公園,4371621,御前崎市御前崎2905-1,,34.654643,138.164189
427,14,御前崎市,下岬公園,4371621,御前崎市御前崎1074-14,,34.603376,138.231875
428,14,御前崎市,おまえざき公園,4371621,御前崎市御前崎2905-1,,34.654643,138.164189
429,14,御前崎市,公儀山公園,4371622,御前崎市白羽1015-3,,34.614382,138.175981
430,14,御前崎市,大原公園,4371622,御前崎市白羽4050-28,,34.618799,138.190324
431,15,菊川市,丹野グラウンド,,菊川市丹野932-1,,34.717073,138.118004
432,15,菊川市,小笠グラウンドゴルフ場,,菊川市下平川506-1,,34.702832,138.078979
433,15,菊川市,棚草運動場,,菊川市棚草208-1,,34.6981,138.097358
434,15,菊川市,加茂農村公園,,菊川市加茂4539-1,,34.747402,138.07513
435,15,菊川市,倉沢農村公園,,菊川市倉沢149-2,,34.784364,138.127005
436,15,菊川市,稲荷部農村公園,,菊川市下内田2127,,34.717368,138.067168
437,15,菊川市,富田農村公園,,菊川市富田978-4,,34.787467,138.109948
438,15,菊川市,おおぞら農村公園,,菊川市下内田832,,34.720996,138.080091
439,15,菊川市,井之宮農村公園,,菊川市嶺田411-1,,34.699133,138.077618
440,15,菊川市,菊川運動公園,,菊川市西方898,,34.758164,138.070443
441,15,菊川市,和田公園,,菊川市和田1017,,34.762283,138.107158
442,15,菊川市,蓮池公園,,菊川市大石1-1,,34.694611,138.0711
443,15,菊川市,菊川公園,,菊川市半済1550-5,,34.758771,138.081159
444,15,菊川市,おがさセントラルパーク,,菊川市下平川6227,,34.700916,138.09072
445,15,菊川市,尾花公園,,菊川市加茂1300-12,,34.745154,138.07385
446,15,菊川市,舟岡山公園,,菊川市加茂4903,,34.748552,138.08414
447,15,菊川市,尾花運動公園,,菊川市加茂1110-18,,34.746745,138.073352
448,15,菊川市,菊川中央公園,,菊川市本所915-1,,34.757977,138.098864
449,15,菊川市,宮の西公園,,菊川市加茂6181,,34.737038,138.08664
450,15,菊川市,柳1号公園,,菊川市柳一丁目39,,34.763944,138.088776
451,15,菊川市,柳2号公園,,菊川市柳二丁目68,,34.76853,138.087498
452,15,菊川市,柳3号公園,,菊川市柳三丁目93,,34.770575,138.091832
453,15,菊川市,仲島1号公園,,菊川市仲島一丁目4-1,,34.758923,138.092133
454,15,菊川市,仲島2号公園,,菊川市仲島二丁目2-1,,34.75561,138.091763
455,15,菊川市,青葉台1号公園,,菊川市青葉台一丁目2-2,,34.756684,138.093635
456,15,菊川市,青葉台2号公園,,菊川市青葉台一丁目11,,34.758288,138.095394
457,15,菊川市,青葉台3号公園,,菊川市青葉台三丁目14-14,,34.755185,138.098255
458,15,菊川市,青葉台4号公園,,菊川市青葉台三丁目16-5,,34.757038,138.099005
459,15,菊川市,朝日公園,,菊川市朝日7-7,,34.75217,138.090222
460,15,菊川市,曙公園,,菊川市本所1708-1,,34.748975,138.091868
461,15,菊川市,水潯公園,,菊川市本所1809,,34.746308,138.091763
462,15,菊川市,万田公園,,菊川市加茂4585,,34.751153,138.087535
463,15,菊川市,黒沢公園,,菊川市下平川6496,,34.702306,138.093637
464,15,菊川市,平尾1号公園,,菊川市平尾12,,34.722089,138.066934
465,15,菊川市,平尾2号公園,,菊川市平尾19,,34.72345,138.067378
466,15,菊川市,平尾3号公園,,菊川市平尾87,,34.724387,138.065397
467,15,菊川市,平尾4号公園,,菊川市平尾216,,34.726589,138.063921
468,15,菊川市,野添公園,,菊川市加茂5418,,34.745968,138.086158
469,15,菊川市,西袋公園,,菊川市加茂5206,,34.742893,138.083208
470,15,菊川市,海足公園,,菊川市加茂4989,,34.747514,138.082032
471,15,菊川市,駅南1号公園,,菊川市堀之内1458,,34.760092,138.084714
472,15,菊川市,駅南2号公園,,菊川市堀之内1289,,34.760424,138.086372
473,15,菊川市,駅南3号公園,,菊川市堀之内1351,,34.759258,138.086841
474,15,菊川市,駅南4号公園,,菊川市堀之内1624,,34.757421,138.087026
475,15,菊川市,駅南5号公園,,菊川市半済3121,,34.757097,138.086067
476,15,菊川市,潮海寺防災公園第一,,菊川市潮海寺2746,,34.767297,138.09043
477,15,菊川市,潮海寺防災公園第二,,菊川市潮海寺597-1,,34.770512,138.093219
478,15,菊川市,川原公園,,菊川市加茂5890,,34.740876,138.086014
479,15,菊川市,嶺田公園,,菊川市嶺田1813-4,,34.690424,138.085506
480,15,菊川市,下平川公園,,菊川市下平川1906,,34.704772,138.086179
481,15,菊川市,虹の丘公園,,菊川市半済3061-63,,34.761549,138.104299
482,15,菊川市,星ヶ丘公園,,菊川市三沢263-54,,34.723143,138.092478
483,15,菊川市,サンライズ公園,,菊川市高橋3650-1,,34.683624,138.098305
484,15,菊川市,山田公園,,菊川市加茂1300-17,,34.742922,138.071527
485,15,菊川市,小太郎東公園,,菊川市東横地3311-19,,34.722461,138.111795
486,15,菊川市,小太郎西公園,,菊川市東横地3311-12,,34.722046,138.108083
487,15,菊川市,南山公園,,菊川市河東565,,34.683216,138.097638
488,15,菊川市,永寶寺,,菊川市西方6748-1,0537-35-2975,34.788791,138.085276
489,15,菊川市,潮海寺,,菊川市潮海寺2094,0537-35-2757,34.768276,138.092299
490,15,菊川市,報恩寺,,菊川市堀之内461,,34.761756,138.086148
491,15,菊川市,井成神社,,菊川市加茂 地内,,34.749932,138.077483
492,15,菊川市,応声教院,,菊川市中内田915,0537-35-2633,34.737498,138.070479
493,15,菊川市,横地城跡,,菊川市東横地 地内,,34.729043,138.115465
494,15,菊川市,太郎坊大権現,,菊川市下内田3259-1,0537-35-3965,34.715633,138.076481
495,15,菊川市,善勝寺,,菊川市棚草2630,0537-73-3165,34.707902,138.116297
496,15,菊川市,安興寺（六角堂）,,菊川市赤土305-2,0537-73-2311,34.69995,138.103002
497,15,菊川市,堤城跡,,菊川市下平川2381,,34.7117,138.083307
498,15,菊川市,黒田家代官屋敷,,菊川市下平川862-1,0537-73-7270,34.698602,138.084376
499,15,菊川市,代官屋敷資料館,,菊川市下平川862-1,0537-73-7270,34.698602,138.084376
500,15,菊川市,正林寺,,菊川市高橋497,0537-73-2221,34.700587,138.129082
501,15,菊川市,獅子ヶ鼻砦跡,,菊川市大石 地内,0537-73-1114,34.695495,138.071148
502,15,菊川市,火剣山（キャンプ場）,,菊川市富田3126-6,0537-35-0936,34.802218,138.103708
503,15,菊川市,常葉美術館,,菊川市半済1550,0537-35-0775,34.755978,138.081207
504,15,菊川市,佐々木鐵心記念館,,菊川市本所2221-5,0537-35-5449,34.746017,138.095532
505,15,菊川市,ブルーベリーの郷,,菊川市太田ﾉ谷1099,0537-73-6636,34.697962,138.116075
506,15,菊川市,菊川文化会館アエル,,菊川市本所2488-2,,34.743672,138.093035
507,15,菊川市,七曲池,,菊川市中内田5859,,34.733451,138.054894
508,15,菊川市,丹野池公園,,菊川市丹野1-1,,34.73231,138.130921
509,15,菊川市,千框の棚田,,菊川市倉沢1121-1,,34.793629,138.130229
510,16,牧之原市,かりんぽの里公園,4210414,牧之原市勝俣1970-1,,34.739253,138.21575
511,16,牧之原市,細江多目的公園,4210422,牧之原市細江6031-2,,34.763728,138.23616
512,16,牧之原市,秋葉公園,4210414,牧之原市勝俣1901-4,,34.739253,138.21575
513,16,牧之原市,勝間田公園,4210404,牧之原市静谷718-1,,34.75986,138.1886
514,16,牧之原市,小堤山公園,4210523,牧之原市波津632-6,,34.681051,138.195461
515,16,牧之原市,新庄緑地公園,4210533,牧之原市新庄3040,,,
516,16,牧之原市,榛原公園,4210422,牧之原市静波96-1,,34.741303,138.227168
517,16,牧之原市,水ヶ谷ふれあい公園,4210411,牧之原市坂口2429-1,,34.783667,138.205405
518,16,牧之原市,ふるさと体験の森　ゆうゆうらんど,4210406,牧之原市勝田100-1,,34.762089,138.189457
519,16,牧之原市,大江公園,4210512,牧之原市大江658-1-1地先,,34.693263,138.2097
520,16,牧之原市,地頭方海浜公園,4210533,牧之原市新庄3042,,34.633078,138.199566
521,16,牧之原市,地頭方公園,4210532,牧之原市地頭方一丁目42,,34.63535,138.1916
522,16,牧之原市,東慶林公園,4210421,牧之原市細江390-1,,34.753901,138.238785
523,16,牧之原市,波津公園,4210523,牧之原市波津一丁目160,,34.680798,138.192749
524,16,牧之原市,白井公園,4210502,牧之原市白井749-1,,34.736507,138.187439
525,16,牧之原市,蛭ヶ谷公園,4210503,牧之原市蛭ヶ谷754,,34.727074,138.175827
526,16,牧之原市,浜田公園,4210523,牧之原市波津二丁目37,,34.683613,138.194122
527,16,牧之原市,平成せせらぎ公園,4210422,牧之原市静波1478-5,,34.742779,138.227783
528,16,牧之原市,油田の里公園,4210514,牧之原市菅ｹ谷2525-1,0548-87-2525,34.697994,138.158432
529,16,牧之原市,塩づくり体験施設,4210523,牧之原市波津1555,,34.6758,138.199661
530,16,牧之原市,観光物産・案内センター,4210422,牧之原市静波1771-4,0548-22-5600,34.736691,138.229065
531,16,牧之原市,子生れ石休憩施設,4210508,牧之原市西萩間729-4,,34.733837,138.159851
532,16,牧之原市,さがら子生れ温泉会館,4210508,牧之原市西萩間672-1,0548-54-1126,34.734245,138.159424
533,17,森町,太田川親水公園,4370215,森町森1105-2地先,0538-85-6322,34.829746,137.925735
534,18,飯田市,高羽1号公園,3950051,飯田市高羽町5丁目4-1,,35.52384,137.81981
535,18,飯田市,高羽2号公園,3950051,飯田市高羽町3丁目6-1,,35.52219,137.82152
536,18,飯田市,上溝公園,3950811,飯田市松尾3187-1,,35.50417,137.85054
537,18,飯田市,飯田運動公園,3950155,飯田市三日市場1986,,35.48555,137.80034
538,18,飯田市,育良公園,3950152,飯田市育良町2丁目6-2,,35.50526,137.80118
539,18,飯田市,今宮公園,3950071,飯田市今宮町3丁目28,,35.52135,137.81801
540,18,飯田市,扇町公園,3950046,飯田市扇町33-1,,35.51408,137.82404
541,18,飯田市,大井公園,3950152,飯田市育良町1丁目15-6,,35.5048,137.80029
542,18,飯田市,北方公園,3950152,飯田市育良町3丁目14-1,,35.50264,137.80308
543,18,飯田市,城東1号公園,3950025,飯田市東中央通り5丁目25,,35.50999,137.83866
544,18,飯田市,城東2号公園,3950003,飯田市上郷別府3338-9,,35.50994,137.84062
545,18,飯田市,城東3号公園,3950003,飯田市上郷別府3335-9,,35.50993,137.84174
546,18,飯田市,神明公園,3950153,飯田市上殿岡604,,35.49883,137.80658
547,18,飯田市,大王路公園,3950012,飯田市大王路12-1,,35.52172,137.83002
548,18,飯田市,滝の沢公園,3950048,飯田市滝の沢6681-1,,35.52543,137.80886
549,18,飯田市,中央公園(長姫),3950028,飯田市長姫町24-1,,35.51526,137.82863
550,18,飯田市,中央公園(中央),3950041,飯田市中央通り1丁目29-1,,35.51632,137.82739
551,18,飯田市,中央公園(吾妻),3950085,飯田市吾妻町150-1,,35.51843,137.8252
552,18,飯田市,中央公園(東和),3950086,飯田市東和町2丁目72-1,,35.52029,137.82451
553,18,飯田市,天竜峡公園,3992221,飯田市龍江7449-1,,35.44066,137.8204
554,18,飯田市,東栄公園,3950063,飯田市馬場町3丁目473-1,,35.51517,137.83452
555,18,飯田市,西鼎公園,3950026,飯田市鼎西鼎84-1,,35.50854,137.83938
556,18,飯田市,白山1号公園,3950077,飯田市丸山町2丁目4-1,,35.52147,137.81208
557,18,飯田市,白山2号公園,3950076,飯田市白山町3丁目南3,,35.51899,137.8129
558,18,飯田市,羽場1号公園,3950063,飯田市羽場町2丁目6,,35.52035,137.80834
559,18,飯田市,羽場2号公園,3950063,飯田市羽場町2丁目473-1,,35.51768,137.8106
560,18,飯田市,羽場公園,3950063,飯田市羽場町3丁目5-3,,35.51789,137.8051
561,18,飯田市,風越公園,3950013,飯田市小伝馬町1丁目3541-1,,35.52018,137.83099
562,18,飯田市,風越公園(権助),,飯田市大休,,35.524586,137.790932
563,18,飯田市,風越公園(妙琴),3950807,飯田市鼎切石5247-1,,35.52447,137.78825
564,18,飯田市,風越山麓公園(子どもの森公園),3950077,飯田市丸山町4丁目5500-1,,35.52833,137.81541
565,18,飯田市,風越山麓公園,3950077,飯田市丸山町4丁目5510-8,,35.53581,137.81221
566,18,飯田市,松尾鈴岡公園(松尾城址),3950812,飯田市松尾代田1007-1,,35.48739,137.82734
567,18,飯田市,松尾鈴岡公園(鈴岡城址),3992561,飯田市駄科1729,,35.48468,137.82554
568,18,飯田市,松川緑地,3950801,飯田市鼎中平5248-6,,35.51073,137.81939
569,18,飯田市,丸山1号公園,3950071,飯田市今宮町2丁目110,,35.51913,137.81656
570,18,飯田市,丸山2号公園,3950077,飯田市丸山町1丁目7-1,,35.52275,137.81594
571,18,飯田市,明公園,3950823,飯田市松尾明5270-1,,35.49127,137.84898
572,18,飯田市,元善光寺公園,3950001,飯田市座光寺2725,,35.534,137.85709
573,18,飯田市,矢高中央公園,3950803,飯田市鼎下山1420-5,,35.50298,137.83064
574,18,飯田市,八幡公園,3950812,飯田市松尾1403-10,,35.49664,137.83596
575,19,伊那市,小黒川渓谷キャンプ場,3960028,伊那市伊那7119-67,0265-74-6886,35.831593,137.88591
576,19,伊那市,高遠しんわの丘ローズガーデン,3960213,伊那市高遠町東高遠973-1,0265-94-2556,35.828045,138.077606
577,19,伊那市,千代田湖キャンプ場,3960301,伊那市高遠町藤澤4976-4,0265-94-2556,35.93314,138.109497
578,19,伊那市,鹿嶺高原キャンプ場,3960401,伊那市長谷非持3817-1,0265-98-3130,35.812973,138.107086
579,19,伊那市,伊那公園,3960015,伊那市中央5528番地1,0265-78-4111,35.840794,137.971741
580,19,伊那市,春日公園,3960026,伊那市西町5949番地1,0265-78-4111,35.837666,137.948212
581,19,伊那市,殿島城址公園,3994432,伊那市東春近7369番地1,0265-78-4111,35.807182,137.965439
582,19,伊那市,美原公園,3960113,伊那市美原7446番地41,0265-78-4111,35.851288,137.993576
583,19,伊那市,三峰川榛原河川公園,3960621,伊那市富県5158番地1,0265-78-4111,35.811211,137.99263
584,19,伊那市,鳩吹公園,3960029,伊那市横山7227番地1420,0265-78-4111,35.849316,137.896317
585,19,伊那市,富士塚スポーツ公園,3960025,伊那市荒井4558番地1,0265-78-4111,35.843407,137.947021
586,19,伊那市,高遠城址公園,3960213,伊那市高遠町東高遠2300番地1,0265-78-4111,35.828045,138.077606
587,19,伊那市,高遠スポーツ公園,3960211,伊那市高遠町西高遠1874番地1,0265-78-4111,35.855549,138.056702
588,19,伊那市,ほりでいパーク,3960214,伊那市高遠町勝間150番地1,0265-78-4111,35.810226,138.07103
589,19,伊那市,セントラルパーク,3960025,伊那市荒井3388番地2,0265-78-4111,35.840542,137.959671
590,19,伊那市,創造の森公園,3960025,伊那市荒井3520番地,0265-78-4111,35.838745,137.956512
591,19,伊那市,伊那北公園,3960023,伊那市山寺1937番地6,0265-78-4111,35.844048,137.963715
592,19,伊那市,高遠花の丘公園,3960214,伊那市高遠町東高遠973番地1,0265-78-4111,35.828045,138.077606
593,20,駒ヶ根市,森と水のアウトドア体験広場,3994301,宮田村4752番地96,,35.746277,137.89445
594,20,駒ヶ根市,菅の台水と文化の森,3994117,駒ヶ根市赤穂759番地9,,35.746436,137.894403
595,20,駒ヶ根市,駒ヶ根公園,3994117,駒ヶ根市赤穂5番地1029,,35.739984,137.891162
596,20,駒ヶ根市,古城公園,3994117,駒ヶ根市赤穂7番地3,,35.718563,137.945187
597,20,駒ヶ根市,南割公園,3994117,駒ヶ根市赤穂7722番地65,,35.714462,137.90631
598,20,駒ヶ根市,北の原公園,3994117,駒ヶ根市赤穂14616番地1,,35.745632,137.942608
599,20,駒ヶ根市,語らいの森,3994117,駒ヶ根市赤穂1685番地1,,35.743314,137.885947
600,20,駒ヶ根市,ふじやま公園,3994116,駒ヶ根市上穂北192番地,,,
601,20,駒ヶ根市,アルプス公園,3994102,駒ヶ根市飯坂1丁目4243番地2,,35.734883,137.95261
602,20,駒ヶ根市,栄町公園,3994115,駒ヶ根市上穂栄町43番地,,,
603,20,駒ヶ根市,駅北公園,3994116,駒ヶ根市上穂北118番地,,,
604,20,駒ヶ根市,三和森公園,3994115,駒ヶ根市上穂栄町2182番地,,,
605,20,駒ヶ根市,すずらん公園,3994115,駒ヶ根市上穂栄町23番地1,,35.736649,137.929838
606,20,駒ヶ根市,馬見塚公園,3994117,駒ヶ根市赤穂14番地5,,35.707861,137.923034
607,20,駒ヶ根市,馬住ヶ原公園,3994117,駒ヶ根市赤穂2264番地5,,35.726103,137.934035
608,20,駒ヶ根市,飯坂東公園,3994116,駒ヶ根市飯坂1丁目29番地4,,35.736675,137.947999
609,20,駒ヶ根市,飯坂公園,3994102,駒ヶ根市飯坂1丁目15025-3番地,,35.734883,137.95261
610,20,駒ヶ根市,あかね公園　1号公園,3994113,駒ヶ根市赤須町15895番地1,,,
611,20,駒ヶ根市,小町公園　2号公園,3994108,駒ヶ根市下市場54番地2,,35.724931,137.936062
612,20,駒ヶ根市,みゆき公園　3号公園,3994107,駒ヶ根市南田25番地,,,
613,20,駒ヶ根市,きらめき公園　4号公園,3994108,駒ヶ根市下市場55番地1,,35.724931,137.936062
614,20,駒ヶ根市,のぞみ公園　5号公園,3994108,駒ヶ根市下市場56番地,,,
615,20,駒ヶ根市,向ヶ丘公園,3994117,駒ヶ根市赤穂11671番地38,,35.720096,137.948459
616,20,駒ヶ根市,赤須ヶ丘公園,3994117,駒ヶ根市赤穂14392,,35.715277,137.958428
617,20,駒ヶ根市,赤須ヶ丘タウン公園,3994117,駒ヶ根市赤穂14438,,35.71671,137.956639
618,20,駒ヶ根市,丸塚緑地,3994101,駒ヶ根市下平4517番地,,,
619,20,駒ヶ根市,河童の池,3994101,駒ヶ根市下平4599番地,,,
620,20,駒ヶ根市,下平公園,3994111,駒ヶ根市北町14928番地4,,,
621,20,駒ヶ根市,東伊那親水公園,3994321,駒ヶ根市東伊那6266番地3,,35.752582,137.974652
622,20,駒ヶ根市,ふるさとの丘,3994321,駒ヶ根市東伊那574,,35.744446,137.985316
623,20,駒ヶ根市,農村交流広場,3994231,駒ヶ根市中沢4266-3,,35.714142,137.982819
624,20,駒ヶ根市,十二天の森,3994117,駒ヶ根市赤穂8776-1,,35.713667,137.924301
625,22,箕輪町,信州かやの山荘　管理棟,3994603,箕輪町大字三日町2290,0265-79-2822,35.905952,138.024315
626,22,箕輪町,箕輪町ながた自然公園,3994601,箕輪町大字2084-3先,0265-79-0600,35.940731,137.960006
627,22,箕輪町,みのわ温泉ながた荘,3994601,箕輪町大字中箕輪3733-18,0265-79-2682,35.943186,137.960397
628,22,箕輪町,みのわ温泉ながたの湯,3994601,箕輪町大字中箕輪2134-42,0265-70-1234,35.944352,137.960495
629,22,箕輪町,もみじ湖（箕輪ダム）　もみじのトンネル（末広広場）,3994602,箕輪町大字東箕輪2071-1先,,35.921334,137.999735
630,22,箕輪町,赤そばの里,3994601,箕輪町大字中箕輪6750付近,,,
631,22,箕輪町,中曽根のエドヒガン桜,3994605,箕輪町大字中曽根149-1,,35.906234,137.945025
632,22,箕輪町,箕輪ダム周辺公園,3994602,箕輪町大字東箕輪1813-1,,35.920831,137.997796
633,22,箕輪町,みのわ天竜公園,3994601,箕輪町大字中箕輪8651,,35.940598,137.983779
634,22,箕輪町,番場原公園,3994603,箕輪町大字三日町449,,35.910507,137.999357
635,22,箕輪町,垣外児童公園,3994601,箕輪町大字中箕輪9690-1,,35.912557,137.986361
636,22,箕輪町,深沢公園,3994601,箕輪町大字中箕輪10996-1,,35.912557,137.986361
637,22,箕輪町,上町児童公園,3994601,箕輪町大字中箕輪13061-1,,35.912557,137.986361
638,22,箕輪町,蕗原神社公園,3994601,箕輪町大字中箕輪441-1,,35.936354,137.982938
639,22,箕輪町,沢上のびのび広場,3994601,箕輪町大字中箕輪1935-79,,35.942378,137.972183
640,22,箕輪町,長田公園,3994601,箕輪町大字中箕輪2134-3,,35.939184,137.963389
641,22,箕輪町,高橋神社公園,3994601,箕輪町大字中箕輪3216,,35.912557,137.986361
642,22,箕輪町,高見ヶ丘公園,3994601,箕輪町大字中箕輪4279-1,,35.933123,137.964006
643,22,箕輪町,下古田グランド公園,3994601,箕輪町大字中箕輪5412,,35.912557,137.986361
644,22,箕輪町,津島神社東公園,3994601,箕輪町大字中箕輪7686-1,,,
645,22,箕輪町,北町公園,3994601,箕輪町大字中箕輪10034-1,,35.912557,137.986361
646,22,箕輪町,松島神社公園,3994601,箕輪町大字中箕輪9987,,35.936753,137.961431
647,22,箕輪町,日の出新町公園,3994601,箕輪町大字中箕輪8411-5,,35.915431,137.991557
648,22,箕輪町,八幡神社公園,3994601,箕輪町大字中箕輪7909,,35.912557,137.986361
649,22,箕輪町,木下県住公園,3994601,箕輪町大字中箕輪13158,,35.904321,137.980614
650,22,箕輪町,北城東集会所公園,3994601,箕輪町大字中箕輪13173-185,,35.902458,137.981614
651,22,箕輪町,北城西集会所公園,3994601,箕輪町大字中箕輪13173-184,,35.902335,137.979658
652,22,箕輪町,北城テニスコート公園,3994601,箕輪町大字中箕輪13173-183,,35.902758,137.980333
653,22,箕輪町,観音様公園,3994601,箕輪町大字中箕輪12634-1,,35.898336,137.98465
654,22,箕輪町,南新町集会所北公園,3994601,箕輪町大字中箕輪11741-2,,35.912557,137.986361
655,22,箕輪町,原町中部公園,3994601,箕輪町大字中箕輪14130-2,,35.912557,137.986361
656,22,箕輪町,一の宮公園（一の宮公民館）,3994601,箕輪町大字中箕輪16206-1,,35.914494,137.945064
657,22,箕輪町,富田公園（富田公民館）,3994601,箕輪町大字中箕輪15882-1,,,
658,22,箕輪町,中曽根神社公園,3994601,箕輪町大字中箕輪634,,35.912557,137.986361
659,22,箕輪町,下町公園（下町公民館）,3994603,箕輪町大字三日町1584,,35.898786,137.997274
660,22,箕輪町,上棚公園（上棚公民館）,3994603,箕輪町大字三日町289-1,,35.90355,138.001913
661,22,箕輪町,ゲートボール場公園,3994603,箕輪町大字三日町165-1,,35.899131,137.997649
662,22,箕輪町,鹿垣公園（鹿垣公民館）,3994604,箕輪町大字福与1806-3,,35.896062,138.003982
663,22,箕輪町,盆地公園（福与公民館）,3994604,箕輪町大字福与528,,35.887913,138.005338
664,22,箕輪町,蒲田公園（判の木広場）,3994604,箕輪町大字福与1128-1,,,
665,22,箕輪町,福与梨の木公園,3994604,箕輪町大字福与1042-92,,35.889815,137.997807
666,22,箕輪町,中村公園（中村公民館）,3994604,箕輪町大字福与1223-1,,35.897556,138.001424
667,22,箕輪町,大原下公園,3994604,箕輪町大字福与1996-1,,35.884535,138.001991
668,22,箕輪町,長岡児童遊園,3994602,箕輪町大字東箕輪1181-3,,,
669,22,箕輪町,町営住宅公園,3994602,箕輪町大字東箕輪769-38,,35.919659,137.997796
670,22,箕輪町,竹の腰公園,3994602,箕輪町大字東箕輪4293,,35.94495,137.999501
671,22,箕輪町,木下バナナ公園,3994601,箕輪町大字中箕輪11993,,35.912557,137.986361
672,23,飯島町,千人塚公園,3993705,飯島町七久保3017-108,0265-86-3111（飯島町観光協会）,35.6700144,137.892564
673,23,飯島町,与田切公園,3993702,飯島町飯島25,0265-86-3111（飯島町観光協会）,35.6713091,137.9085197
674,24,南箕輪村,久保公園,,南箕輪村1158-1,,35.893085,137.980361
675,24,南箕輪村,北殿駅前公園,,南箕輪村3719-1,,35.879219,137.983813
676,24,南箕輪村,南殿親水公園,,南箕輪村5228-1,,35.868592,137.978329
677,24,南箕輪村,田畑児童公園,,南箕輪村6761,,35.865525,137.975419
678,24,南箕輪村,田畑交通公園,,南箕輪村6254-3,,35.86248,137.980172
679,24,南箕輪村,神子柴公園,,南箕輪村7257-1,,35.859856,137.968937
680,24,南箕輪村,大泉公園,,南箕輪村1967-1,,35.882172,137.962738
681,24,南箕輪村,富士塚運動場,,南箕輪村2380-162,,35.876826,137.952957
682,24,南箕輪村,南原運動場,,南箕輪村9645-8,,35.857189,137.93136
683,24,南箕輪村,大芝公園,3994511,南箕輪村2358-5,0265-78-5835,35.887765,137.943215
684,24,南箕輪村,大芝親水公園,,南箕輪村2362-1,0265-78-5835,35.88916,137.94667
685,24,南箕輪村,大芝公園内研修センター,3994511,南箕輪村2358-5,0265-78-5835,35.886522,137.943918
686,24,南箕輪村,大芝村民プール場,,南箕輪村2358-5,0265-78-5835,35.888222,137.943173
687,24,南箕輪村,大芝テニスコート場,,南箕輪村2358-5,0265-78-5835,35.888856,137.945836
688,24,南箕輪村,大芝多目的コート場,,南箕輪村2358-5,0265-78-5835,35.888652,137.945305
689,24,南箕輪村,大芝野球場,,南箕輪村2358-5,0265-78-5835,35.887705,137.944728
690,24,南箕輪村,大芝陸上競技場,,南箕輪村2358-5,0265-78-5835,35.889252,137.944162
691,24,南箕輪村,大芝小運動場,,南箕輪村2358-5,0265-78-5835,35.885051,137.946995
692,24,南箕輪村,大芝屋内運動場,3994511,南箕輪村2358-5,0265-78-5835,35.886664,137.946332
693,24,南箕輪村,大芝マレットゴルフ場,,南箕輪村2358-5,0265-78-5835,35.889332,137.941818
694,24,南箕輪村,大芝公園アスレチック,,南箕輪村2358-5,,35.888172,137.941346
695,24,南箕輪村,大芝公園多目的広場,,南箕輪村2358-5,,35.885481,137.945235
696,24,南箕輪村,大芝湖,,南箕輪村2358-5,,35.885642,137.943046
697,24,南箕輪村,ふれあい交流センター大芝の湯,3994511,南箕輪村2358-5,0265-76-2614,35.886777,137.947601
698,24,南箕輪村,森の研修コテージ,3994511,南箕輪村2358-5,0265-76-0048,35.887833,137.946646
699,24,南箕輪村,森の交流施設,3994511,南箕輪村2358-5,0265-76-0048,35.886425,137.944093
700,24,南箕輪村,信州大芝高原みんなの森,,南箕輪村2358-46,,35.883165,137.940968
701,24,南箕輪村,信州大芝高原大芝荘,3994511,南箕輪村2358-5,0265-76-0048,35.886659,137.943396
702,24,南箕輪村,フォレスト大芝,3994511,南箕輪村2358-5,0265-76-0048,35.886686,137.943725
703,24,南箕輪村,農村公園,,南箕輪村10429,,35.873708,137.964423
704,24,南箕輪村,北原ふれあい広場,,南箕輪村1630-406,,35.894567,137.964763
705,24,南箕輪村,大芝ふれあい広場,,南箕輪村2380-269,,35.882038,137.95209
706,25,中川村,大草城址公園（マレットゴルフ場）,3993801,中川村大草5024,,35.634514,137.946849
707,25,中川村,陣馬形の森公園,3993801,中川村大草1649-1,,35.634514,137.946849
708,25,中川村,天の中川河川公園,3993802,中川村片桐3970,,35.627443,137.935569
709,25,中川村,坂戸公園,3993802,中川村片桐7108-6,,,
710,25,中川村,桑原公園,3993801,中川村大草7124-4,,35.634514,137.946849
711,25,中川村,かつらの丘公園（マレットゴルフ場）,3993803,中川村葛島2137-1,,35.621669,137.938592
712,25,中川村,田島公園,3993802,中川村片桐1821,,35.622791,137.918412
713,25,中川村,南田島公園,3993802,中川村片桐312,,35.627443,137.935569
714,25,中川村,滝戸川公園,3993802,中川村片桐3952-2,,35.628782,137.924217
715,25,中川村,桑原キャンプ場,3993801,中川村大草7445-1,,35.623827,137.990582
716,25,中川村,陣馬形山キャンプ場,3993801,中川村大草1636,,35.66603,137.966757
717,25,中川村,四徳森林体験館,3993804,中川村四徳547,,35.652782,138.006194
718,25,中川村,中川村民グラウンド,3993802,中川村片桐4686,,,
719,25,中川村,中川村社会体育館,3993802,中川村片桐4748,,35.631279,137.934161
720,25,中川村,テニスコート,3993802,中川村片桐4724,,35.632409,137.935486
721,25,中川村,武道館,3993802,中川村片桐4724,,35.632409,137.935486
722,25,中川村,弓道場,3993802,中川村片桐4724,,35.632409,137.935486
723,25,中川村,サンアリーナ,3993802,中川村片桐4711,,35.630754,137.934314
724,26,宮田村,リバーランド天竜公園,3994301,宮田村8015-1,,35.764956,137.928245
725,26,宮田村,宮田村総合公園ふれあい広場,3994301,宮田村1926-9,,35.751762,137.912864
726,26,宮田村,ひまわり公園,3994301,宮田村7505-2,,35.768729,137.947707
727,26,宮田村,どんぐり公園,3994301,宮田村7619-6,,35.77029,137.948587
728,26,宮田村,こもれ陽の径,3994301,宮田村4751-75,,35.746971,137.892388
729,26,宮田村,ほのぼのパーク,3994301,宮田村6166-11,,35.768793,137.944174
730,26,宮田村,せせらぎ公園,3994301,宮田村3356-3,,35.76416,137.941288
731,26,宮田村,中越遺跡史跡公園,3994301,宮田村7557,,35.770904,137.945457
732,26,宮田村,けやきの森公園,3994301,宮田村4751-1,,35.746016,137.889366
733,26,宮田村,こもれ陽の森公園,3994301,宮田村4751-62,,35.746016,137.889366
734,26,宮田村,南割街区公園ともだち広場,3994301,宮田村2820,,35.763979,137.929728
735,26,宮田村,宮田高原,3994301,宮田村4746-1,,35.768793,137.944174
736,26,宮田村,アサギマダラの里,3994301,宮田村2049-2,,35.750047,137.904848
737,26,宮田村,村民憩いの蝶の森,3994301,宮田村2055-7,,35.749832,137.90415
738,27,松川町,フォレストアドベンチャー松川,3993304,松川町大島2805-1,080-6936-8632,35.61483,137.878135
739,27,松川町,信州まつかわ温泉清流苑,3993304,松川町大島2784-1,0265-36-2000,35.615094,137.881729
740,27,松川町,まつたけ小屋梅松苑,3993302,松川町生田6009,0265-36-7102,35.589141,137.960447
741,27,松川町,観陽丘,3993302,松川町生田4218-2,0265-36-7027,,
742,27,松川町,台城公園,3993303,松川町元大島263番地,0265-36-7028,,
743,27,松川町,松川公園,3993303,松川町元大島1401番地,0265-36-7028,,
744,27,松川町,富士森公園,3993303,松川町元大島3047番地1,0265-36-7028,,
745,27,松川町,城山公園,3993303,松川町元大島5230番地11,0265-36-7028,35.599932,137.902142
746,27,松川町,むらやま公園,3993301,松川町上片桐1826番地1,0265-36-7028,,
747,27,松川町,松川町運動公園,3993303,松川町元大島2891-3番地,0265-36-7028,35.605342,137.912465
748,28,高森町,中央公園,3993103,高森町下市田2151-6,,35.550476,137.881943
749,28,高森町,吉田東公園,3993102,高森町吉田2361-13,,35.555852,137.888072
750,28,高森町,城山公園,3993102,高森町吉田730-1,,35.555852,137.888072
751,28,高森町,大丸山公園,3993103,高森町下市田2407-1,,35.549739,137.885453
752,28,高森町,やまぶき公園,3993101,高森町山吹3630-3,,35.576316,137.899268
753,28,高森町,丸山公園,3993101,高森町山吹431-3,,35.576316,137.899268
754,28,高森町,天白公園,3993105,高森町牛牧2785-3,,35.560217,137.854167
755,28,高森町,山吹マレットゴルフ場,3993101,高森町山吹7251-1,,35.576316,137.899268
756,28,高森町,親水公園マレットゴルフ場,3993103,高森町下市田(天竜川河川敷),,,
757,28,高森町,高森カントリークラブ,3993101,高森町山吹6955-23,,35.590454,137.864883
758,28,高森町,信州たかもり温泉　湯ヶ洞,3993105,高森町牛牧835-4,,35.556145,137.848953
759,28,高森町,山の寺キャンプ場,3993101,高森町山吹2347,,35.59275,137.85713
760,29,阿南町,粟野公園,3991505,,,,
761,29,阿南町,御供公園,3991501,,,,
762,29,阿南町,深見公園,3991502,,,,
763,29,阿南町,早稲田公園,3991504,,,,
764,29,阿南町,本町公園,3991612,,,,
765,29,阿南町,親水公園,3991612,,,,
766,29,阿南町,阿南温泉かじかの湯キャンプ場,3991505,阿南町富草4783,0260-22-2000,35.355263,137.800232
767,29,阿南町,池の島キャンプ場,3991611,阿南町和合1933,0260-22-4055,35.32243,137.754379
768,29,阿南町,二瀬キャンプ場,3991503,阿南町南條2233-64,0260-22-4055,35.311787,137.818939
769,30,阿智村,阿智村運動公園,3950302,阿智村伍和483-2,,35.430405,137.751724
770,30,阿智村,駒場児童遊園地,3950303,阿智村駒場886,,35.446556,137.749054
771,30,阿智村,川島公園,3950401,阿智村清内路3064-2,,35.490208,137.703453
772,30,阿智村,智里グラウンド,3950304,阿智村智里4259-196,,35.455719,137.641434
773,30,阿智村,浪合グラウンド,3950501,阿智村浪合1291,,,
774,30,阿智村,萬岳荘,3950304,阿智村智里4257-96,0265-43-2220,35.476413,137.633509
775,30,阿智村,せいなの森キャンプ場,3950401,阿智村清内路2991,0265-46-2525,35.512057,137.662841
776,30,阿智村,銀河もみじキャンプ場,3950501,阿智村浪合1771-1,0265-48-6058,35.368995,137.66978
777,30,阿智村,湯ったり～な昼神,3950304,阿智村智里370-1,0265-43-4311,35.456066,137.715476
778,30,阿智村,パークランド,3950304,阿智村智里4174-1,0265-44-2230,35.437911,137.651583
779,30,阿智村,富士見台高原ロープウェイ　ヘブンスそのはら,3950304,阿智村智里3731-4,0265-44-2311,35.455204,137.668172
780,30,阿智村,治部坂高原スキー場,3950501,阿智村浪合1192,0265-47-1111,35.37695,137.686876
781,30,阿智村,あららぎカントリークラブ,3950501,阿智村浪合153,0265-47-2331,35.405866,137.675404
782,30,阿智村,日本一の星空　浪合パーク,3950501,阿智村浪合1192-356,0265-48-8555,35.353568,137.670764
783,31,平谷村,平谷高原スキー場,3950601,平谷村1511,0265-48-2100,35.307881,137.624309
784,31,平谷村,平谷湖フィッシングスポット,3950601,平谷村入川,0265-48-1127,35.299641,137.641274
785,31,平谷村,平谷カントリークラブ,3950601,平谷村403,0265-48-2111,35.316188,137.611687
786,31,平谷村,信州平谷温泉ひまわりの湯（プール）,3950601,平谷村252,0265-48-2911,35.324446,137.63199
787,31,平谷村,JMB中部パラグライダースクール,3950601,平谷村1422-1,0265-48-2458,35.314194,137.626183
788,31,平谷村,中馬ハーレー牧場,3950601,平谷村1422-1,090-5611-1013,35.1847,137.37355
789,32,根羽村,大杉公園,,根羽村,0265-49-2111,35.255072,137.581854
790,33,下條村,リフレッシュパーク下條,3992101,下條村睦沢2530-1,0260-27-3640,35.415039,137.796187
791,33,下條村,インドアスポーツセンター,3992101,下條村睦沢2457-1,0260-27-3766,35.412167,137.797257
792,33,下條村,親水公園オートキャンプ場「CAMP&CHEERS　KANESHIGE」,3992102,下條村陽皐5074,0260-27-2158,35.389412,137.792634
793,33,下條村,ふるさと体験館コスモスの湯,3992101,下條村陽皐2457-3,0260-27-2600,35.389412,137.792634
794,34,売木村,南信州　うるぎ星の森オートキャンプ場,,売木村2653-3,,35.249002,137.6688
795,34,売木村,白樺高原キャンプ場,,売木村2653-122,,35.24384,137.70531
796,34,売木村,岩倉ダムキャンプ場,,売木村45-82,,35.28402,137.370531
797,35,天龍村,和知野川キャンプ場,3991203,天龍村長島750-10,0260-22-3695,35.305048,137.839345
798,35,天龍村,大河内森林公園キャンプ場,3991202,天龍村神原4593-1,0260-32-1023,35.261942,137.828412
799,35,天龍村,ニセンジ自然公園パター＆マレットゴルフ場,3991202,天龍村神原1236-1,0260-32-2268,35.25229,137.82902
800,36,泰阜村,あいパーク,3991801,泰阜村3319,0260-26-2111,35.377431,137.846226
801,36,泰阜村,二軒屋キャンプ場,3991801,泰阜村川端,0260-26-2111,35.371239,137.889347
802,36,泰阜村,左京川百年公園,3991801,泰阜村6043-2,0260-25-2510,35.363099,137.840463
803,36,泰阜村,ポタジェハウス三耕地,3991801,泰阜村2443,0260-26-2020,35.39141,137.848106
804,36,泰阜村,稲伏戸あじさい園,3991801,泰阜村稲伏戸,,35.399348,137.848158
805,36,泰阜村,金野蓮池,1991801,泰阜村金野,,35.409587,137.825223
806,37,喬木村,喬木村城山公園,3951106,喬木村12812-1,,35.486903,137.8767
807,37,喬木村,喬木村もろはら公園,3951107,喬木村8454-4,,35.502803,137.893496
808,37,喬木村,喬木村縄文の丘フルーツパーク,3951108,喬木村16989,,35.502713,137.870706
809,37,喬木村,喬木村伊久間やすらぎ公園,3951107,喬木村16178,,35.503565,137.864914
810,37,喬木村,喬木村能登沢ダム公園,3951103,喬木村9496-1,,35.499934,137.952303
811,37,喬木村,喬木村大原机山公園,3951107,喬木村7585,,35.498802,137.8824
812,37,喬木村,九十九谷森林公園,3951107,喬木村7600-1,,35.492107,137.888394
813,37,喬木村,矢筈公園キャンプ場,3951104,喬木村氏乗(うじのり),,35.450763,137.937129
814,38,豊丘村,野田平キャンプ場,3993202,豊丘村大字神稲12523番地36,265493395,35.52814,137.96733
815,38,豊丘村,りんごっ子公園,3993201,豊丘村大字河野8387番地1,,35.56554,137.90817
816,38,豊丘村,なしっ子公園,3993202,豊丘村大字神稲9138番地,,35.5341,137.88755
817,38,豊丘村,かきっ子公園（林公園）,3993202,豊丘村大字神稲4137番地2,,35.54344,137.89607
818,38,豊丘村,福島てっぺん公園,3993202,豊丘村大字神稲10124番地3,,35.52419,137.92394
819,39,大鹿村,大西公園,3993502,大鹿村大字大河原4340番地,,,
820,39,大鹿村,夕立神パノラマ公園,3993502,大鹿村大字大河原4896~1番地,,35.555784,138.086313